frame_id,image_name,current_exposure_ms,brightness_p50,next_exposure_ms,ctrl_time_us
1,frame_0001.jpg,10,131.106,10,6.80005
2,frame_0002.jpg,10,131.105,10,2.90002
3,frame_0003.jpg,10,131.109,10,1.40001
4,frame_0004.jpg,10,131.104,10,1.10001
5,frame_0005.jpg,10,131.111,10,1.30001
6,frame_0006.jpg,10,131.112,10,1.10001
7,frame_0007.jpg,10,131.109,10,0.999891
8,frame_0008.jpg,10,131.106,10,1.00001
9,frame_0009.jpg,10,131.107,10,2.50002
10,frame_0010.jpg,10,131.111,10,1.30001
11,frame_0011.jpg,10,131.108,10,1.10001
12,frame_0012.jpg,10,131.112,10,1.30001
13,frame_0013.jpg,10,131.101,10,1.10001
14,frame_0014.jpg,10,131.107,10,1.10001
15,frame_0015.jpg,10,131.107,10,3.39991
16,frame_0016.jpg,10,131.108,10,1.40001
17,frame_0017.jpg,10,131.107,10,1.20001
18,frame_0018.jpg,10,131.107,10,1.20001
19,frame_0019.jpg,10,131.104,10,1.10001
20,frame_0020.jpg,10,131.106,10,1.00001
21,frame_0021.jpg,10,131.11,10,1.00001
22,frame_0022.jpg,10,131.108,10,1.10001
23,frame_0023.jpg,10,131.106,10,1.00001
24,frame_0024.jpg,10,131.107,10,1.50001
25,frame_0025.jpg,10,131.112,10,1.00001
26,frame_0026.jpg,10,131.106,10,1.20001
27,frame_0027.jpg,10,131.111,10,1.30001
28,frame_0028.jpg,10,131.108,10,1.20001
29,frame_0029.jpg,10,131.106,10,1.00001
30,frame_0030.jpg,10,131.107,10,1.00001
31,frame_0031.jpg,10,131.11,10,1.10001
32,frame_0032.jpg,10,131.111,10,1.00001
33,frame_0033.jpg,10,131.11,10,2.10002
34,frame_0034.jpg,10,131.108,10,1.20001
35,frame_0035.jpg,10,131.105,10,1.10001
36,frame_0036.jpg,10,131.108,10,1.00001
37,frame_0037.jpg,10,131.105,10,1.00001
38,frame_0038.jpg,10,131.103,10,1.10001
39,frame_0039.jpg,10,131.109,10,1.00001
40,frame_0040.jpg,10,131.106,10,1.00001
41,frame_0041.jpg,10,131.105,10,1.10001
42,frame_0042.jpg,10,131.113,10,1.00001
43,frame_0043.jpg,10,131.104,10,1.20001
44,frame_0044.jpg,10,131.106,10,1.00001
45,frame_0045.jpg,10,131.108,10,1.10001
46,frame_0046.jpg,10,131.106,10,1.00001
47,frame_0047.jpg,10,131.108,10,1.10001
48,frame_0048.jpg,10,131.108,10,1.10001
49,frame_0049.jpg,10,131.102,10,1.00001
50,frame_0050.jpg,10,131.111,10,1.00001
51,frame_0051.jpg,10,131.11,10,1.10001
52,frame_0052.jpg,10,131.108,10,1.20001
53,frame_0053.jpg,10,131.11,10,1.10001
54,frame_0054.jpg,10,131.107,10,1.00001
55,frame_0055.jpg,10,131.108,10,1.00001
56,frame_0056.jpg,10,131.112,10,1.10001
57,frame_0057.jpg,10,131.106,10,1.20001
58,frame_0058.jpg,10,131.108,10,1.30001
59,frame_0059.jpg,10,131.111,10,1.20001
60,frame_0060.jpg,10,131.109,10,1.00001
61,frame_0061.jpg,10,131.107,10,1.19989
62,frame_0062.jpg,10,131.106,10,1.30001
63,frame_0063.jpg,10,131.111,10,1.10001
64,frame_0064.jpg,10,131.112,10,1.10001
65,frame_0065.jpg,10,131.107,10,1.10001
66,frame_0066.jpg,10,131.11,10,1.00001
67,frame_0067.jpg,10,131.112,10,1.10001
68,frame_0068.jpg,10,131.108,10,1.00001
69,frame_0069.jpg,10,131.108,10,1.00001
70,frame_0070.jpg,10,131.113,10,0.999891
71,frame_0071.jpg,10,131.106,10,1.20001
72,frame_0072.jpg,10,131.109,10,1.00001
73,frame_0073.jpg,10,131.108,10,1.00001
74,frame_0074.jpg,10,131.113,10,1.00001
75,frame_0075.jpg,10,131.108,10,1.09989
76,frame_0076.jpg,10,131.107,10,1.00001
77,frame_0077.jpg,10,131.11,10,1.00001
78,frame_0078.jpg,10,131.107,10,1.50001
79,frame_0079.jpg,10,131.107,10,1.10001
80,frame_0080.jpg,10,131.112,10,1.10001
81,frame_0081.jpg,10,131.11,10,1.10001
82,frame_0082.jpg,10,131.106,10,2.00002
83,frame_0083.jpg,10,131.105,10,1.20001
84,frame_0084.jpg,10,131.107,10,1.00001
85,frame_0085.jpg,10,131.113,10,1.00001
86,frame_0086.jpg,10,131.11,10,1.00001
87,frame_0087.jpg,10,131.104,10,1.00001
88,frame_0088.jpg,10,131.108,10,1.00001
89,frame_0089.jpg,10,131.11,10,1.50001
90,frame_0090.jpg,10,131.11,10,1.20001
91,frame_0091.jpg,10,131.105,10,1.00001
92,frame_0092.jpg,10,131.107,10,1.10001
93,frame_0093.jpg,10,131.104,10,1.20001
94,frame_0094.jpg,10,131.113,10,1.10001
95,frame_0095.jpg,10,131.104,10,1.00001
96,frame_0096.jpg,10,131.107,10,1.10001
97,frame_0097.jpg,10,131.111,10,1.20001
98,frame_0098.jpg,10,131.103,10,1.10001
99,frame_0099.jpg,10,131.112,10,1.00001
100,frame_0100.jpg,10,131.11,10,1.10001
101,frame_0101.jpg,10,131.107,10,1.00001
102,frame_0102.jpg,10,131.11,10,0.999891
103,frame_0103.jpg,10,131.106,10,1.00001
104,frame_0104.jpg,10,131.106,10,1.00001
105,frame_0105.jpg,10,131.105,10,1.10001
106,frame_0106.jpg,10,131.108,10,1.00001
107,frame_0107.jpg,10,131.109,10,1.10001
108,frame_0108.jpg,10,131.107,10,0.900007
109,frame_0109.jpg,10,131.11,10,1.10001
110,frame_0110.jpg,10,131.112,10,1.00001
111,frame_0111.jpg,10,131.105,10,1.10001
112,frame_0112.jpg,10,128.258,10,1.10001
113,frame_0113.jpg,10,125.337,10,1.00001
114,frame_0114.jpg,10,122.407,10,1.20001
115,frame_0115.jpg,10,119.541,10,1.10001
116,frame_0116.jpg,10,116.745,10,1.10001
117,frame_0117.jpg,10,113.962,10,1.00001
118,frame_0118.jpg,10,111.14,10,1.00001
119,frame_0119.jpg,10,108.276,10,1.10001
120,frame_0120.jpg,10,105.373,10,1.00001
121,frame_0121.jpg,10,102.48,10,1.20001
122,frame_0122.jpg,10,99.6552,10,1.00001
123,frame_0123.jpg,10,96.843,10,1.00001
124,frame_0124.jpg,10,94.0076,10,0.999891
125,frame_0125.jpg,10,91.1647,10,1.00001
126,frame_0126.jpg,10,88.3237,10,1.40001
127,frame_0127.jpg,10,85.439,10,1.10001
128,frame_0128.jpg,10,82.5751,10,1.00001
129,frame_0129.jpg,10,79.7755,10,1.00001
130,frame_0130.jpg,10,76.9165,10,0.900007
131,frame_0131.jpg,10,74.0543,10,1.00001
132,frame_0132.jpg,10,71.2372,10,1.00001
133,frame_0133.jpg,10,68.3888,10,1.00001
134,frame_0134.jpg,10,65.5182,10,0.900007
135,frame_0135.jpg,10,62.6819,10,1.10001
136,frame_0136.jpg,10,59.8429,10,1.00001
137,frame_0137.jpg,10,56.9816,10,0.999891
138,frame_0138.jpg,10,54.1439,10,1.30001
139,frame_0139.jpg,10,51.3007,10,1.10001
140,frame_0140.jpg,10,48.4534,10,1.00001
141,frame_0141.jpg,10,45.6,10,1.09989
142,frame_0142.jpg,10,45.6017,10,0.900007
143,frame_0143.jpg,10,45.5967,10,1.00001
144,frame_0144.jpg,10,45.5981,10,1.10001
145,frame_0145.jpg,10,45.6009,10,1.10001
146,frame_0146.jpg,10,45.6001,10,1.00001
147,frame_0147.jpg,10,45.6016,10,2.30002
148,frame_0148.jpg,10,45.5989,10,1.20001
149,frame_0149.jpg,10,45.6013,10,1.10001
150,frame_0150.jpg,10,45.6016,10,1.50001
151,frame_0151.jpg,10,45.601,10,1.10001
152,frame_0152.jpg,10,45.5992,10,1.00001
153,frame_0153.jpg,10,45.6026,10,2.20002
154,frame_0154.jpg,10,45.6015,10,1.20001
155,frame_0155.jpg,10,45.5989,10,1.00001
156,frame_0156.jpg,10,45.6041,10,1.10001
157,frame_0157.jpg,10,45.5975,10,1.00001
158,frame_0158.jpg,10,45.6004,10,1.00001
159,frame_0159.jpg,10,45.6026,10,1.00001
160,frame_0160.jpg,10,45.5999,10,0.900007
161,frame_0161.jpg,10,45.6011,10,1.00001
162,frame_0162.jpg,10,48.4538,10,1.00001
163,frame_0163.jpg,10,51.3008,10,74.2
164,frame_0164.jpg,10,54.1415,10,3.30003
165,frame_0165.jpg,10,56.9829,10,3.10002
166,frame_0166.jpg,10,59.8403,10,3.60003
167,frame_0167.jpg,10,62.6811,10,9.00007
168,frame_0168.jpg,10,65.5138,10,1.10001
169,frame_0169.jpg,10,68.3889,10,1.10001
170,frame_0170.jpg,10,71.2403,10,1.00001
171,frame_0171.jpg,10,74.0518,10,0.999891
172,frame_0172.jpg,10,76.92,10,1.00001
173,frame_0173.jpg,10,79.7761,10,1.00001
174,frame_0174.jpg,10,82.5807,10,1.00001
175,frame_0175.jpg,10,85.4401,10,1.00001
176,frame_0176.jpg,10,88.3248,10,0.999891
177,frame_0177.jpg,10,91.1666,10,1.10001
178,frame_0178.jpg,10,94.005,10,1.10001
179,frame_0179.jpg,10,96.8451,10,1.10001
180,frame_0180.jpg,10,99.6534,10,0.900007
181,frame_0181.jpg,10,102.482,10,1.00001
182,frame_0182.jpg,10,105.373,10,0.900007
183,frame_0183.jpg,10,108.277,10,1.00001
184,frame_0184.jpg,10,111.139,10,1.10001
185,frame_0185.jpg,10,113.961,10,1.00001
186,frame_0186.jpg,10,116.75,10,1.00001
187,frame_0187.jpg,10,119.538,10,1.10001
188,frame_0188.jpg,10,122.406,10,1.00001
189,frame_0189.jpg,10,125.336,10,1.00001
190,frame_0190.jpg,10,128.257,10,1.00001
191,frame_0191.jpg,10,131.108,10,1.00001
192,frame_0192.jpg,10,131.109,10,1.00001
193,frame_0193.jpg,10,131.108,10,1.09989
194,frame_0194.jpg,10,131.11,10,1.00001
195,frame_0195.jpg,10,131.107,10,1.00001
196,frame_0196.jpg,10,131.11,10,1.00001
197,frame_0197.jpg,10,131.11,10,1.00001
198,frame_0198.jpg,10,131.112,10,1.00001
199,frame_0199.jpg,10,131.107,10,1.10001
200,frame_0200.jpg,10,131.107,10,1.10001
201,frame_0201.jpg,10,131.109,10,1.00001
202,frame_0202.jpg,10,131.111,10,1.00001
203,frame_0203.jpg,10,131.105,10,1.00001
204,frame_0204.jpg,10,131.104,10,0.89989
205,frame_0205.jpg,10,131.109,10,1.00001
206,frame_0206.jpg,10,131.107,10,1.00001
207,frame_0207.jpg,10,131.107,10,1.00001
208,frame_0208.jpg,10,131.107,10,1.00001
209,frame_0209.jpg,10,131.111,10,1.10001
210,frame_0210.jpg,10,131.111,10,1.00001
211,frame_0211.jpg,10,131.107,10,0.900007
212,frame_0212.jpg,10,133.889,10,1.00001
213,frame_0213.jpg,10,136.63,10,1.00001
214,frame_0214.jpg,10,139.444,10,0.900007
215,frame_0215.jpg,10,142.367,10,2.80002
216,frame_0216.jpg,10,145.319,10,1.70001
217,frame_0217.jpg,10,148.208,10,1.20001
218,frame_0218.jpg,10,151.02,10,1.10001
219,frame_0219.jpg,10,153.752,10,1.40001
220,frame_0220.jpg,10,156.493,10,1.30001
221,frame_0221.jpg,10,159.389,10,1.10001
222,frame_0222.jpg,10,162.344,10,0.900007
223,frame_0223.jpg,10,165.276,10,1.00001
224,frame_0224.jpg,10,168.127,10,1.20001
225,frame_0225.jpg,10,170.895,10,1.20001
226,frame_0226.jpg,10,173.593,10,1.10001
227,frame_0227.jpg,10,176.419,10,1.10001
228,frame_0228.jpg,10,179.356,10,1.10001
229,frame_0229.jpg,10,182.309,10,1.00001
230,frame_0230.jpg,10,185.208,10,1.10001
231,frame_0231.jpg,10,188.008,10,1.10001
232,frame_0232.jpg,10,190.713,10,1.00001
233,frame_0233.jpg,10,193.446,10,1.10001
234,frame_0234.jpg,10,196.347,10,1.10001
235,frame_0235.jpg,10,199.277,10,1.10001
236,frame_0236.jpg,10,202.183,10,1.00001
237,frame_0237.jpg,10,204.991,10,1.10001
238,frame_0238.jpg,10,207.659,10,1.00001
239,frame_0239.jpg,10,210.37,10,1.10001
240,frame_0240.jpg,10,213.123,10,1.00001
241,frame_0241.jpg,10,215.825,10,1.00001
242,frame_0242.jpg,10,215.823,10,1.20001
243,frame_0243.jpg,10,215.829,10,1.00001
244,frame_0244.jpg,10,215.824,10,1.00001
245,frame_0245.jpg,10,215.825,10,1.00001
246,frame_0246.jpg,10,215.828,10,0.900007
247,frame_0247.jpg,10,215.825,10,1.10001
248,frame_0248.jpg,10,215.825,10,1.20001
249,frame_0249.jpg,10,215.828,10,1.00001
250,frame_0250.jpg,10,215.824,10,1.00001
251,frame_0251.jpg,10,215.834,10,1.00001
252,frame_0252.jpg,10,215.823,10,1.10001
253,frame_0253.jpg,10,215.825,10,1.00001
254,frame_0254.jpg,10,215.823,10,0.900007
255,frame_0255.jpg,10,215.832,10,1.00001
256,frame_0256.jpg,10,215.828,10,1.00001
257,frame_0257.jpg,10,215.823,10,1.00001
258,frame_0258.jpg,10,215.822,10,1.10001
259,frame_0259.jpg,10,215.824,10,1.10001
260,frame_0260.jpg,10,215.828,10,1.10001
261,frame_0261.jpg,10,215.829,10,1.09989
262,frame_0262.jpg,10,213.123,10,1.10001
263,frame_0263.jpg,10,210.371,10,1.10001
264,frame_0264.jpg,10,207.668,10,1.10001
265,frame_0265.jpg,10,204.995,10,1.00001
266,frame_0266.jpg,10,202.184,10,1.00001
267,frame_0267.jpg,10,199.279,10,1.00001
268,frame_0268.jpg,10,196.346,10,0.999891
269,frame_0269.jpg,10,193.45,10,0.900007
270,frame_0270.jpg,10,190.707,10,1.00001
271,frame_0271.jpg,10,188.005,10,1.00001
272,frame_0272.jpg,10,185.208,10,1.00001
273,frame_0273.jpg,10,182.309,10,1.00001
274,frame_0274.jpg,10,179.355,10,3.40003
275,frame_0275.jpg,10,176.417,10,1.30001
276,frame_0276.jpg,10,173.575,10,1.10001
277,frame_0277.jpg,10,170.888,10,1.09989
278,frame_0278.jpg,10,168.13,10,1.00001
279,frame_0279.jpg,10,165.276,10,1.10001
280,frame_0280.jpg,10,162.345,10,0.89989
281,frame_0281.jpg,10,159.388,10,1.10001
282,frame_0282.jpg,10,156.492,10,1.09989
283,frame_0283.jpg,10,153.753,10,1.00001
284,frame_0284.jpg,10,151.022,10,1.00001
285,frame_0285.jpg,10,148.213,10,0.999891
286,frame_0286.jpg,10,145.314,10,1.00001
287,frame_0287.jpg,10,142.37,10,1.00001
288,frame_0288.jpg,10,139.447,10,1.00001
289,frame_0289.jpg,10,136.631,10,1.00001
290,frame_0290.jpg,10,133.888,10,0.999891
291,frame_0291.jpg,10,131.107,10,1.10001
292,frame_0292.jpg,10,131.112,10,1.00001
293,frame_0293.jpg,10,131.11,10,1.00001
294,frame_0294.jpg,10,131.104,10,0.999891
295,frame_0295.jpg,10,131.106,10,1.00001
296,frame_0296.jpg,10,131.108,10,1.00001
297,frame_0297.jpg,10,131.109,10,1.00001
298,frame_0298.jpg,10,131.112,10,1.00001
299,frame_0299.jpg,10,131.108,10,0.900007
300,frame_0300.jpg,10,131.107,10,1.00001
301,frame_0301.jpg,10,131.105,10,1.00001
302,frame_0302.jpg,10,131.112,10,32.1
303,frame_0303.jpg,10,131.107,10,1.6999
304,frame_0304.jpg,10,131.109,10,1.20001
305,frame_0305.jpg,10,131.107,10,1.00001
306,frame_0306.jpg,10,131.108,10,1.30001
307,frame_0307.jpg,10,131.106,10,1.10001
308,frame_0308.jpg,10,131.108,10,1.10001
309,frame_0309.jpg,10,131.109,10,1.00001
310,frame_0310.jpg,10,131.109,10,1.00001
311,frame_0311.jpg,10,131.106,10,1.00001
312,frame_0312.jpg,10,131.106,10,1.00001
313,frame_0313.jpg,10,131.103,10,1.10001
314,frame_0314.jpg,10,131.112,10,1.00001
315,frame_0315.jpg,10,131.103,10,1.00001
316,frame_0316.jpg,10,131.109,10,1.10001
317,frame_0317.jpg,10,131.108,10,1.00001
318,frame_0318.jpg,10,131.112,10,1.00001
319,frame_0319.jpg,10,131.107,10,1.00001
320,frame_0320.jpg,10,131.104,10,1.10001
321,frame_0321.jpg,10,131.109,10,1.00001
322,frame_0322.jpg,10,102.476,10,1.10001
323,frame_0323.jpg,10,74.0491,10,1.10001
324,frame_0324.jpg,10,45.6003,10,1.10001
325,frame_0325.jpg,10,45.5996,10,0.900007
326,frame_0326.jpg,10,45.6011,10,1.00001
327,frame_0327.jpg,10,45.599,10,1.00001
328,frame_0328.jpg,10,45.602,10,0.900007
329,frame_0329.jpg,10,45.6003,10,1.00001
330,frame_0330.jpg,10,45.5982,10,1.10001
331,frame_0331.jpg,10,45.6026,10,1.10001
332,frame_0332.jpg,10,45.5999,10,1.00001
333,frame_0333.jpg,10,45.5967,10,1.00001
334,frame_0334.jpg,10,45.5986,10,1.10001
335,frame_0335.jpg,10,45.6007,10,1.00001
336,frame_0336.jpg,10,45.6018,10,1.10001
337,frame_0337.jpg,10,45.6008,10,1.10001
338,frame_0338.jpg,10,45.6029,10,2.90002
339,frame_0339.jpg,10,45.603,10,1.30001
340,frame_0340.jpg,10,45.6022,10,1.10001
341,frame_0341.jpg,10,45.6008,10,1.00001
342,frame_0342.jpg,10,45.6008,10,1.00001
343,frame_0343.jpg,10,45.6017,10,1.00001
344,frame_0344.jpg,10,45.5994,10,3.00002
345,frame_0345.jpg,10,45.5977,10,1.70001
346,frame_0346.jpg,10,45.5971,10,1.10001
347,frame_0347.jpg,10,45.6012,10,1.10001
348,frame_0348.jpg,10,45.6005,10,1.10001
349,frame_0349.jpg,10,45.5996,10,1.10001
350,frame_0350.jpg,10,45.6003,10,1.10001
351,frame_0351.jpg,10,45.6001,10,1.10001
352,frame_0352.jpg,10,45.5999,10,1.10001
353,frame_0353.jpg,10,45.6005,10,1.10001
354,frame_0354.jpg,10,45.5987,10,1.10001
355,frame_0355.jpg,10,45.5984,10,1.10001
356,frame_0356.jpg,10,45.5978,10,1.20001
357,frame_0357.jpg,10,45.6011,10,1.10001
358,frame_0358.jpg,10,45.6004,10,1.00001
359,frame_0359.jpg,10,45.6019,10,1.00001
360,frame_0360.jpg,10,45.5986,10,1.10001
361,frame_0361.jpg,10,45.5999,10,1.10001
362,frame_0362.jpg,10,74.0526,10,1.10001
363,frame_0363.jpg,10,102.477,10,1.00001
364,frame_0364.jpg,10,131.107,10,1.00001
365,frame_0365.jpg,10,131.11,10,1.10001
366,frame_0366.jpg,10,131.107,10,1.00001
367,frame_0367.jpg,10,131.109,10,1.00001
368,frame_0368.jpg,10,131.11,10,1.00001
369,frame_0369.jpg,10,131.111,10,1.00001
370,frame_0370.jpg,10,131.108,10,1.00001
371,frame_0371.jpg,10,131.105,10,1.00001
372,frame_0372.jpg,10,131.107,10,1.00001
373,frame_0373.jpg,10,131.111,10,1.00001
374,frame_0374.jpg,10,131.106,10,1.00001
375,frame_0375.jpg,10,131.107,10,1.00001
376,frame_0376.jpg,10,131.108,10,1.00001
377,frame_0377.jpg,10,131.106,10,1.09989
378,frame_0378.jpg,10,131.11,10,1.10001
379,frame_0379.jpg,10,131.104,10,0.999891
380,frame_0380.jpg,10,131.107,10,1.00001
381,frame_0381.jpg,10,131.105,10,1.00001
382,frame_0382.jpg,10,131.11,10,1.00001
383,frame_0383.jpg,10,131.105,10,1.10001
384,frame_0384.jpg,10,131.113,10,1.10001
385,frame_0385.jpg,10,131.106,10,1.00001
386,frame_0386.jpg,10,131.109,10,1.00001
387,frame_0387.jpg,10,131.102,10,1.10001
388,frame_0388.jpg,10,131.111,10,1.00001
389,frame_0389.jpg,10,131.105,10,1.10001
390,frame_0390.jpg,10,131.107,10,1.00001
391,frame_0391.jpg,10,131.107,10,1.10001
392,frame_0392.jpg,10,131.105,10,1.00001
393,frame_0393.jpg,10,131.109,10,1.10001
394,frame_0394.jpg,10,131.109,10,1.10001
395,frame_0395.jpg,10,131.108,10,0.999891
396,frame_0396.jpg,10,131.103,10,1.20001
397,frame_0397.jpg,10,131.11,10,1.10001
398,frame_0398.jpg,10,131.108,10,1.10001
399,frame_0399.jpg,10,131.107,10,1.20001
400,frame_0400.jpg,10,131.115,10,1.20001
401,frame_0401.jpg,10,131.112,10,1.10001
402,frame_0402.jpg,10,131.106,10,1.09989
403,frame_0403.jpg,10,131.108,10,1.10001
404,frame_0404.jpg,10,131.11,10,1.10001
405,frame_0405.jpg,10,131.106,10,1.00001
406,frame_0406.jpg,10,131.11,10,1.10001
407,frame_0407.jpg,10,131.107,10,1.20001
408,frame_0408.jpg,10,131.109,10,1.10001
409,frame_0409.jpg,10,131.108,10,1.10001
410,frame_0410.jpg,10,131.112,10,1.10001
411,frame_0411.jpg,10,131.104,10,1.80001
412,frame_0412.jpg,10,131.107,10,2.20002
413,frame_0413.jpg,10,131.106,10,1.30001
414,frame_0414.jpg,10,131.105,10,1.09989
415,frame_0415.jpg,10,131.111,10,1.10001
416,frame_0416.jpg,10,131.107,10,3.10002
417,frame_0417.jpg,10,131.106,10,3.30003
418,frame_0418.jpg,10,131.115,10,3.09991
419,frame_0419.jpg,10,131.109,10,1.50001
420,frame_0420.jpg,10,131.11,10,1.20001
421,frame_0421.jpg,10,131.105,10,1.10001
422,frame_0422.jpg,10,159.389,10,1.20001
423,frame_0423.jpg,10,188.007,10,1.00001
424,frame_0424.jpg,10,215.825,10,1.10001
425,frame_0425.jpg,10,215.824,10,1.10001
426,frame_0426.jpg,10,215.825,10,1.10001
427,frame_0427.jpg,10,215.829,10,1.50001
428,frame_0428.jpg,10,215.824,10,1.00001
429,frame_0429.jpg,10,215.828,10,1.00001
430,frame_0430.jpg,10,215.823,10,1.10001
431,frame_0431.jpg,10,215.827,10,1.10001
432,frame_0432.jpg,10,215.824,10,1.00001
433,frame_0433.jpg,10,215.828,10,1.10001
434,frame_0434.jpg,10,215.83,10,1.10001
435,frame_0435.jpg,10,215.822,10,1.00001
436,frame_0436.jpg,10,215.822,10,1.00001
437,frame_0437.jpg,10,215.826,10,1.00001
438,frame_0438.jpg,10,215.83,10,1.10001
439,frame_0439.jpg,10,215.823,10,1.10001
440,frame_0440.jpg,10,215.828,10,0.900007
441,frame_0441.jpg,10,215.826,10,1.00001
442,frame_0442.jpg,10,215.826,10,1.00001
443,frame_0443.jpg,10,215.828,10,1.10001
444,frame_0444.jpg,10,215.83,10,1.10001
445,frame_0445.jpg,10,215.828,10,1.09989
446,frame_0446.jpg,10,215.825,10,1.10001
447,frame_0447.jpg,10,215.828,10,1.00001
448,frame_0448.jpg,10,215.828,10,1.10001
449,frame_0449.jpg,10,215.828,10,1.00001
450,frame_0450.jpg,10,215.826,10,1.09989
451,frame_0451.jpg,10,215.829,10,1.10001
452,frame_0452.jpg,10,215.825,10,1.00001
453,frame_0453.jpg,10,215.825,10,1.80001
454,frame_0454.jpg,10,215.826,10,2.0999
455,frame_0455.jpg,10,215.826,10,1.20001
456,frame_0456.jpg,10,215.826,10,1.20001
457,frame_0457.jpg,10,215.826,10,1.10001
458,frame_0458.jpg,10,215.827,10,1.00001
459,frame_0459.jpg,10,215.827,10,1.20001
460,frame_0460.jpg,10,215.833,10,1.10001
461,frame_0461.jpg,10,215.825,10,1.00001
462,frame_0462.jpg,10,188.011,10,2.20002
463,frame_0463.jpg,10,159.39,10,1.50001
464,frame_0464.jpg,10,131.105,10,1.00001
465,frame_0465.jpg,10,131.11,10,1.00001
466,frame_0466.jpg,10,131.112,10,2.00002
467,frame_0467.jpg,10,131.106,10,1.30001
468,frame_0468.jpg,10,131.107,10,1.10001
469,frame_0469.jpg,10,131.106,10,2.80002
470,frame_0470.jpg,10,131.11,10,1.50001
471,frame_0471.jpg,10,131.106,10,1.00001
472,frame_0472.jpg,10,131.111,10,1.10001
473,frame_0473.jpg,10,131.11,10,1.10001
474,frame_0474.jpg,10,131.108,10,1.00001
475,frame_0475.jpg,10,131.114,10,1.10001
476,frame_0476.jpg,10,131.109,10,1.10001
477,frame_0477.jpg,10,131.112,10,1.10001
478,frame_0478.jpg,10,131.111,10,1.00001
479,frame_0479.jpg,10,131.104,10,1.00001
480,frame_0480.jpg,10,131.107,10,1.00001
481,frame_0481.jpg,10,131.106,10,1.00001
482,frame_0482.jpg,10,131.111,10,1.10001
483,frame_0483.jpg,10,131.11,10,1.00001
484,frame_0484.jpg,10,131.107,10,1.00001
485,frame_0485.jpg,10,131.104,10,1.00001
486,frame_0486.jpg,10,131.105,10,1.10001
487,frame_0487.jpg,10,131.109,10,1.00001
488,frame_0488.jpg,10,131.105,10,1.00001
489,frame_0489.jpg,10,131.109,10,1.00001
490,frame_0490.jpg,10,131.103,10,1.10001
491,frame_0491.jpg,10,131.108,10,1.00001
492,frame_0492.jpg,10,131.109,10,1.09989
493,frame_0493.jpg,10,131.107,10,1.00001
494,frame_0494.jpg,10,131.11,10,1.10001
495,frame_0495.jpg,10,131.106,10,1.00001
496,frame_0496.jpg,10,131.108,10,1.00001
497,frame_0497.jpg,10,131.11,10,1.10001
498,frame_0498.jpg,10,131.11,10,1.00001
499,frame_0499.jpg,10,131.104,10,1.00001
500,frame_0500.jpg,10,131.105,10,1.20001
501,frame_0501.jpg,10,131.109,10,0.999891
502,frame_0502.jpg,10,131.113,10,1.10001
503,frame_0503.jpg,10,131.109,10,1.30001
504,frame_0504.jpg,10,131.108,10,1.00001
505,frame_0505.jpg,10,131.108,10,1.10001
506,frame_0506.jpg,10,131.11,10,1.00001
507,frame_0507.jpg,10,131.111,10,1.10001
508,frame_0508.jpg,10,131.111,10,1.10001
509,frame_0509.jpg,10,131.108,10,1.00001
510,frame_0510.jpg,10,131.112,10,1.20001
511,frame_0511.jpg,10,131.11,10,1.00001
512,frame_0512.jpg,10,131.107,10,1.10001
513,frame_0513.jpg,10,131.111,10,1.00001
514,frame_0514.jpg,10,131.108,10,1.00001
515,frame_0515.jpg,10,131.105,10,1.10001
516,frame_0516.jpg,10,131.108,10,1.10001
517,frame_0517.jpg,10,254.699,10,1.00001
518,frame_0518.jpg,10,254.699,10,1.10001
519,frame_0519.jpg,10,254.699,10,1.10001
520,frame_0520.jpg,10,131.105,10,1.00001
521,frame_0521.jpg,10,131.108,10,1.00001
522,frame_0522.jpg,10,131.11,10,1.20001
523,frame_0523.jpg,10,131.106,10,1.10001
524,frame_0524.jpg,10,131.114,10,1.10001
525,frame_0525.jpg,10,131.113,10,1.00001
526,frame_0526.jpg,10,131.11,10,1.00001
527,frame_0527.jpg,10,131.105,10,1.10001
528,frame_0528.jpg,10,131.108,10,1.40001
529,frame_0529.jpg,10,131.113,10,1.00001
530,frame_0530.jpg,10,131.105,10,1.00001
531,frame_0531.jpg,10,131.113,10,1.00001
532,frame_0532.jpg,10,131.104,10,1.10001
533,frame_0533.jpg,10,131.109,10,1.20001
534,frame_0534.jpg,10,131.108,10,1.00001
535,frame_0535.jpg,10,131.108,10,1.10001
536,frame_0536.jpg,10,131.107,10,1.00001
537,frame_0537.jpg,10,131.109,10,1.10001
538,frame_0538.jpg,10,131.112,10,1.00001
539,frame_0539.jpg,10,131.107,10,1.00001
540,frame_0540.jpg,10,131.105,10,1.00001
541,frame_0541.jpg,10,131.107,10,1.09989
542,frame_0542.jpg,10,131.11,10,1.00001
543,frame_0543.jpg,10,131.107,10,1.20001
544,frame_0544.jpg,10,131.109,10,1.00001
545,frame_0545.jpg,10,131.108,10,1.10001
546,frame_0546.jpg,10,131.108,10,1.10001
547,frame_0547.jpg,10,131.106,10,1.00001
548,frame_0548.jpg,10,52.1748,10,1.00001
549,frame_0549.jpg,10,52.1743,10,1.00001
550,frame_0550.jpg,10,52.1716,10,1.10001
551,frame_0551.jpg,10,131.106,10,1.10001
552,frame_0552.jpg,10,131.109,10,1.00001
553,frame_0553.jpg,10,131.106,10,1.19989
554,frame_0554.jpg,10,131.11,10,1.10001
555,frame_0555.jpg,10,131.103,10,1.00001
556,frame_0556.jpg,10,131.108,10,1.00001
557,frame_0557.jpg,10,131.105,10,1.00001
558,frame_0558.jpg,10,131.104,10,1.10001
559,frame_0559.jpg,10,131.108,10,1.00001
560,frame_0560.jpg,10,131.108,10,1.00001
561,frame_0561.jpg,10,131.107,10,1.20001
562,frame_0562.jpg,10,131.109,10,1.00001
563,frame_0563.jpg,10,131.102,10,1.30001
564,frame_0564.jpg,10,131.108,10,1.10001
565,frame_0565.jpg,10,131.106,10,1.00001
566,frame_0566.jpg,10,131.108,10,1.00001
567,frame_0567.jpg,10,131.104,10,1.00001
568,frame_0568.jpg,10,131.107,10,1.10001
569,frame_0569.jpg,10,131.111,10,1.00001
570,frame_0570.jpg,10,131.106,10,1.00001
571,frame_0571.jpg,10,131.111,10,0.900007
572,frame_0572.jpg,10,131.11,10,1.10001
573,frame_0573.jpg,10,131.108,10,1.00001
574,frame_0574.jpg,10,131.112,10,1.00001
575,frame_0575.jpg,10,131.107,10,1.00001
576,frame_0576.jpg,10,131.11,10,1.00001
577,frame_0577.jpg,10,131.106,10,1.10001
578,frame_0578.jpg,10,131.109,10,0.999891
579,frame_0579.jpg,10,254.699,10,1.00001
580,frame_0580.jpg,10,254.699,10,1.00001
581,frame_0581.jpg,10,254.7,10,1.10001
582,frame_0582.jpg,10,131.106,10,1.10001
583,frame_0583.jpg,10,131.106,10,1.10001
584,frame_0584.jpg,10,131.105,10,1.09989
585,frame_0585.jpg,10,131.109,10,1.10001
586,frame_0586.jpg,10,131.106,10,1.00001
587,frame_0587.jpg,10,131.105,10,1.10001
588,frame_0588.jpg,10,131.109,10,1.00001
589,frame_0589.jpg,10,131.112,10,1.10001
590,frame_0590.jpg,10,131.107,10,1.09989
591,frame_0591.jpg,10,131.109,10,1.00001
592,frame_0592.jpg,10,131.108,10,1.10001
593,frame_0593.jpg,10,131.109,10,1.00001
594,frame_0594.jpg,10,131.11,10,1.00001
595,frame_0595.jpg,10,131.11,10,1.00001
596,frame_0596.jpg,10,131.104,10,1.4999
597,frame_0597.jpg,10,131.105,10,1.20001
598,frame_0598.jpg,10,131.108,10,1.00001
599,frame_0599.jpg,10,131.107,10,0.999891
600,frame_0600.jpg,10,131.104,10,1.00001
601,frame_0601.jpg,10,131.107,10,1.10001
602,frame_0602.jpg,10,154.112,10,1.80001
603,frame_0603.jpg,10,170.837,10,1.20001
604,frame_0604.jpg,10,177.107,10,0.900007
605,frame_0605.jpg,10,170.843,10,1.00001
606,frame_0606.jpg,10,154.113,10,1.00001
607,frame_0607.jpg,10,131.109,10,1.00001
608,frame_0608.jpg,10,108.06,10,1.10001
609,frame_0609.jpg,10,91.2012,10,1.00001
610,frame_0610.jpg,10,85.0106,10,0.89989
611,frame_0611.jpg,10,91.2029,10,1.00001
612,frame_0612.jpg,10,108.059,10,1.00001
613,frame_0613.jpg,10,131.107,10,0.900007
614,frame_0614.jpg,10,154.114,10,1.00001
615,frame_0615.jpg,10,170.838,10,1.10001
616,frame_0616.jpg,10,177.101,10,1.00001
617,frame_0617.jpg,10,170.843,10,1.00001
618,frame_0618.jpg,10,154.118,10,1.00001
619,frame_0619.jpg,10,131.108,10,1.00001
620,frame_0620.jpg,10,108.06,10,1.10001
621,frame_0621.jpg,10,91.1995,10,1.00001
622,frame_0622.jpg,10,85.0102,10,1.00001
623,frame_0623.jpg,10,91.1948,10,1.00001
624,frame_0624.jpg,10,108.057,10,1.10001
625,frame_0625.jpg,10,131.109,10,1.00001
626,frame_0626.jpg,10,154.113,10,1.00001
627,frame_0627.jpg,10,170.836,10,0.900007
628,frame_0628.jpg,10,177.101,10,1.00001
629,frame_0629.jpg,10,170.837,10,1.10001
630,frame_0630.jpg,10,154.113,10,1.00001
631,frame_0631.jpg,10,131.108,10,1.10001
632,frame_0632.jpg,10,108.059,10,0.900007
633,frame_0633.jpg,10,91.198,10,1.00001
634,frame_0634.jpg,10,85.0102,10,1.00001
635,frame_0635.jpg,10,91.1999,10,1.00001
636,frame_0636.jpg,10,108.057,10,1.00001
637,frame_0637.jpg,10,131.106,10,0.900007
638,frame_0638.jpg,10,154.115,10,0.999891
639,frame_0639.jpg,10,170.839,10,1.00001
640,frame_0640.jpg,10,177.108,10,0.900007
641,frame_0641.jpg,10,170.83,10,1.00001
642,frame_0642.jpg,10,154.112,10,1.00001
643,frame_0643.jpg,10,131.107,10,1.00001
644,frame_0644.jpg,10,108.058,10,0.900007
645,frame_0645.jpg,10,91.2006,10,0.900007
646,frame_0646.jpg,10,85.0124,10,1.00001
647,frame_0647.jpg,10,91.1982,10,0.900007
648,frame_0648.jpg,10,108.062,10,1.00001
649,frame_0649.jpg,10,131.112,10,1.00001
650,frame_0650.jpg,10,154.111,10,1.00001
651,frame_0651.jpg,10,170.837,10,1.00001
652,frame_0652.jpg,10,177.106,10,0.900007
653,frame_0653.jpg,10,170.837,10,0.900007
654,frame_0654.jpg,10,154.118,10,1.00001
655,frame_0655.jpg,10,131.104,10,0.999891
656,frame_0656.jpg,10,108.06,10,0.900007
657,frame_0657.jpg,10,91.2018,10,1.00001
658,frame_0658.jpg,10,85.0142,10,1.10001
659,frame_0659.jpg,10,91.1988,10,0.89989
660,frame_0660.jpg,10,108.058,10,1.10001
661,frame_0661.jpg,10,131.107,10,1.00001
662,frame_0662.jpg,10,154.117,10,1.00001
663,frame_0663.jpg,10,170.83,10,1.09989
664,frame_0664.jpg,10,177.103,10,1.10001
665,frame_0665.jpg,10,170.831,10,1.50001
666,frame_0666.jpg,10,154.119,10,1.10001
667,frame_0667.jpg,10,131.107,10,1.10001
668,frame_0668.jpg,10,108.055,10,1.00001
669,frame_0669.jpg,10,91.2005,10,1.10001
670,frame_0670.jpg,10,85.0123,10,1.10001
671,frame_0671.jpg,10,91.1971,10,0.900007
672,frame_0672.jpg,10,108.058,10,1.00001
673,frame_0673.jpg,10,131.108,10,0.999891
674,frame_0674.jpg,10,154.113,10,1.10001
675,frame_0675.jpg,10,170.838,10,1.10001
676,frame_0676.jpg,10,177.107,10,1.00001
677,frame_0677.jpg,10,170.845,10,0.999891
678,frame_0678.jpg,10,154.114,10,1.10001
679,frame_0679.jpg,10,131.111,10,1.10001
680,frame_0680.jpg,10,108.062,10,0.900007
681,frame_0681.jpg,10,91.1977,10,1.00001
682,frame_0682.jpg,10,85.0115,10,1.09989
683,frame_0683.jpg,10,91.2011,10,1.00001
684,frame_0684.jpg,10,108.059,10,1.00001
685,frame_0685.jpg,10,131.109,10,1.00001
686,frame_0686.jpg,10,131.107,10,1.00001
687,frame_0687.jpg,10,131.108,10,1.10001
688,frame_0688.jpg,10,131.113,10,1.10001
689,frame_0689.jpg,10,131.109,10,1.00001
690,frame_0690.jpg,10,131.11,10,0.900007
691,frame_0691.jpg,10,131.107,10,1.10001
692,frame_0692.jpg,10,131.109,10,0.89989
693,frame_0693.jpg,10,131.106,10,1.10001
694,frame_0694.jpg,10,131.109,10,0.900007
695,frame_0695.jpg,10,131.106,10,1.00001
696,frame_0696.jpg,10,131.108,10,0.900007
697,frame_0697.jpg,10,131.106,10,1.20001
698,frame_0698.jpg,10,131.11,10,0.900007
699,frame_0699.jpg,10,131.11,10,1.00001
700,frame_0700.jpg,10,131.109,10,1.10001
701,frame_0701.jpg,10,131.108,10,1.00001
702,frame_0702.jpg,10,131.109,10,1.00001
703,frame_0703.jpg,10,131.107,10,1.00001
704,frame_0704.jpg,10,131.108,10,1.00001
705,frame_0705.jpg,10,131.105,10,1.00001
706,frame_0706.jpg,10,131.112,10,0.999891
707,frame_0707.jpg,10,131.104,10,1.00001
708,frame_0708.jpg,10,131.106,10,1.00001
709,frame_0709.jpg,10,131.104,10,1.00001
710,frame_0710.jpg,10,131.106,10,1.00001
711,frame_0711.jpg,10,58.7452,10,1.00001
712,frame_0712.jpg,10,58.746,10,1.00001
713,frame_0713.jpg,10,58.7465,10,1.00001
714,frame_0714.jpg,10,58.7478,10,1.00001
715,frame_0715.jpg,10,58.7447,10,0.999891
716,frame_0716.jpg,10,58.7411,10,0.999891
717,frame_0717.jpg,10,58.7437,10,0.89989
718,frame_0718.jpg,10,58.7446,10,1.00001
719,frame_0719.jpg,10,58.7466,10,1.00001
720,frame_0720.jpg,10,58.7436,10,1.10001
721,frame_0721.jpg,10,58.7459,10,1.00001
722,frame_0722.jpg,10,58.7474,10,1.00001
723,frame_0723.jpg,10,58.7442,10,1.00001
724,frame_0724.jpg,10,58.7439,10,1.00001
725,frame_0725.jpg,10,58.7462,10,1.00001
726,frame_0726.jpg,10,58.7428,10,1.00001
727,frame_0727.jpg,10,58.7447,10,1.00001
728,frame_0728.jpg,10,58.7458,10,1.00001
729,frame_0729.jpg,10,58.7437,10,1.00001
730,frame_0730.jpg,10,58.744,10,1.00001
731,frame_0731.jpg,10,233.002,10,1.00001
732,frame_0732.jpg,10,233.004,10,1.19989
733,frame_0733.jpg,10,233.004,10,0.900007
734,frame_0734.jpg,10,233.002,10,1.50001
735,frame_0735.jpg,10,233,10,1.20001
736,frame_0736.jpg,10,233.006,10,1.10001
737,frame_0737.jpg,10,233.004,10,1.00001
738,frame_0738.jpg,10,233.009,10,1.00001
739,frame_0739.jpg,10,233.007,10,1.09989
740,frame_0740.jpg,10,233.008,10,1.00001
741,frame_0741.jpg,10,233.007,10,1.00001
742,frame_0742.jpg,10,232.999,10,1.10001
743,frame_0743.jpg,10,233.006,10,1.00001
744,frame_0744.jpg,10,233.003,10,1.00001
745,frame_0745.jpg,10,233.006,10,1.10001
746,frame_0746.jpg,10,233.011,10,1.20001
747,frame_0747.jpg,10,233.003,10,1.60001
748,frame_0748.jpg,10,233.003,10,1.10001
749,frame_0749.jpg,10,233.006,10,1.10001
750,frame_0750.jpg,10,233.003,10,1.00001
751,frame_0751.jpg,10,233.003,10,1.00001
752,frame_0752.jpg,10,233.004,10,1.10001
753,frame_0753.jpg,10,233.006,10,1.00001
754,frame_0754.jpg,10,233.003,10,1.00001
755,frame_0755.jpg,10,233.005,10,1.00001
756,frame_0756.jpg,10,233.007,10,1.00001
757,frame_0757.jpg,10,233.01,10,1.00001
758,frame_0758.jpg,10,233.006,10,1.00001
759,frame_0759.jpg,10,233.006,10,1.10001
760,frame_0760.jpg,10,233.006,10,1.00001
761,frame_0761.jpg,10,71.8901,10,1.10001
762,frame_0762.jpg,10,71.8862,10,1.10001
763,frame_0763.jpg,10,71.8903,10,0.999891
764,frame_0764.jpg,10,71.8891,10,1.00001
765,frame_0765.jpg,10,71.8894,10,1.10001
766,frame_0766.jpg,10,71.8893,10,0.900007
767,frame_0767.jpg,10,71.8912,10,1.00001
768,frame_0768.jpg,10,71.8887,10,1.00001
769,frame_0769.jpg,10,71.8878,10,1.00001
770,frame_0770.jpg,10,71.8895,10,1.10001
771,frame_0771.jpg,10,71.8912,10,1.10001
772,frame_0772.jpg,10,71.8879,10,1.00001
773,frame_0773.jpg,10,71.8892,10,1.00001
774,frame_0774.jpg,10,71.8891,10,1.10001
775,frame_0775.jpg,10,71.8902,10,1.00001
776,frame_0776.jpg,10,71.8861,10,1.10001
777,frame_0777.jpg,10,71.8874,10,0.900007
778,frame_0778.jpg,10,71.8885,10,1.10001
779,frame_0779.jpg,10,71.8903,10,1.00001
780,frame_0780.jpg,10,71.8872,10,1.00001
781,frame_0781.jpg,10,131.109,10,1.10001
782,frame_0782.jpg,10,131.11,10,1.10001
783,frame_0783.jpg,10,131.11,10,1.00001
784,frame_0784.jpg,10,131.108,10,1.00001
785,frame_0785.jpg,10,131.105,10,1.00001
786,frame_0786.jpg,10,131.109,10,1.00001
787,frame_0787.jpg,10,131.108,10,1.10001
788,frame_0788.jpg,10,131.105,10,1.10001
789,frame_0789.jpg,10,131.109,10,1.00001
790,frame_0790.jpg,10,131.107,10,1.10001
791,frame_0791.jpg,10,131.108,10,1.00001
792,frame_0792.jpg,10,131.113,10,1.10001
793,frame_0793.jpg,10,131.107,10,1.10001
794,frame_0794.jpg,10,131.106,10,1.10001
795,frame_0795.jpg,10,131.11,10,1.40001
796,frame_0796.jpg,10,131.106,10,1.10001
797,frame_0797.jpg,10,131.108,10,1.30001
798,frame_0798.jpg,10,131.108,10,1.50001
799,frame_0799.jpg,10,131.108,10,1.20001
800,frame_0800.jpg,10,131.108,10,1.00001
